Title,Date added,Template,Geolocation,Organisation in Charge,Province,Penal Facility by Organisational Affiliation,Type of Penal Facility,Penal Facility Status,Documents,Attachments,Published
Samjiyon County Potae-ri MSS Office,26/03/2024,Penal facilities,,Ministry of State Security,Ryanggang,Ministry of State Security ::District-level MSS Office,Temporary Detention Facility::Office,Unknown,,,Published
Hoeryong City MPS Provisional Holding Centre,22/03/2024,Penal facilities,,Ministry of People's Security,North Hamgyong,Ministry of People's Security ::MPS Holding Centre,Holding Centre,Unknown,,,Published
Rawon County Samho-gu MSS Office,21/03/2024,Penal facilities,"39.9400809|127.8726444",Ministry of State Security,North Hamgyong,Ministry of State Security ::District-level MSS Office,Temporary Detention Facility::Office,Unknown,,,Published
Hyesan City Temporary Anti-Socialist Task Force Office,20/03/2024,Penal facilities,"41.4182926|128.2097431",Unknown,Ryanggang,Other related facilities::Unknown ,Temporary Detention Facility::Office,Unknown,,,Published
Haeju City MPS Detention Centre,19/03/2024,Penal facilities,,Ministry of People's Security,South Hwanghae,Ministry of People's Security ::MPS Detention Centre,Detention Centre,Unknown,,,Published
Musan County Changryul-gu MPS Sub-municipal Station Waiting Room,19/03/2024,Penal facilities,,Ministry of People's Security,North Hamgyong,Ministry of People's Security ::MPS Sub-municipal Station Office,Waiting Room,Unknown,,,Published
Hyesan City Chun-dong MPS Sub-municipal Station Office,19/03/2024,Penal facilities,,Ministry of People's Security,Ryanggang,Ministry of People's Security ::MPS Sub-municipal Station Office,Temporary Detention Facility::Office,Unknown,,,Published
Kumya County MPS Detention Centre,18/03/2024,Penal facilities,,Ministry of People's Security,South Hamgyong,Ministry of People's Security ::MPS Detention Centre,Detention Centre,Unknown,,,Published
Kyongsong County MPS Waiting Room,15/03/2024,Penal facilities,,Ministry of People's Security,North Hamgyong,Ministry of People's Security ::County-level MPS Waiting Room,Waiting Room,Unknown,,,Published
South Pyongan Provincial MPS Holding Centre,14/03/2024,Penal facilities,,Ministry of People's Security,South Pyongan,Ministry of People's Security ::MPS Holding Centre,Holding Centre,Operative,,,Published
Hamhung University of Hydraulic Engineering MSS Office,14/03/2024,Penal facilities,,Ministry of State Security,South Hamgyong,Ministry of State Security ::City-level MSS Office,Temporary Detention Facility::Office,Operative,,,Published
Kaechon City MSS Detention Centre,14/03/2024,Penal facilities,,Ministry of State Security,South Pyongan,Ministry of State Security ::MSS Detention Centre,Detention Centre,Unknown,,,Published
Hoeryong City Saemaeul-dong MPS Sub-municipal Station Office,14/03/2024,Penal facilities,,Ministry of People's Security,North Hamgyong,Ministry of People's Security ::MPS Sub-municipal Station Office,Temporary Detention Facility::Office,Unknown,,,Published
Hamhung City Jongpyong-gu MPS Sub-municipal Station Office,13/03/2024,Penal facilities,,Ministry of People's Security,South Hamgyong,Ministry of People's Security ::MPS Sub-municipal Station Office,Temporary Detention Facility::Office,Unknown,,,Published
Chongjin City Pohang District MPS Detention Centre,13/03/2024,Penal facilities,,Ministry of People's Security,North Hamgyong,Ministry of People's Security ::MPS Detention Centre,Detention Centre,Unknown,,,Published
Wonsan City MPS Detention Centre,13/03/2024,Penal facilities,,Ministry of People's Security,Kangwon,Ministry of People's Security ::MPS Detention Centre,Detention Centre,Operative,,,Published
Wonsan City Prosecutor's Office,13/03/2024,Penal facilities,,Other North Korean government organisation,Kangwon,Prosecution::Prosecutor's Office,Temporary Detention Facility::Office,Operative,,,Published
Kimchaek City MPS Detention Centre,13/03/2024,Penal facilities,,Ministry of People's Security,North Hamgyong,Ministry of People's Security ::MPS Detention Centre,Detention Centre,Unknown,,,Published
Daehung Re-education Camp,13/03/2024,Penal facilities,,Ministry of People's Security,South Hamgyong,Ministry of People's Security ::MPS Re-education camp,Re-education Camp ,Closed,,,Published
Samjiyon County Labour Training Centre,12/03/2024,Penal facilities,,People's Committee of North Korea,Ryanggang,People's Committee::City/ County-level Labour Training Centre,Labour Training Centre,Unknown,,,Published
Hyesan City Sonbong-dong MPS Sub-municipal Station Office,11/03/2024,Penal facilities,,Ministry of People's Security,Ryanggang,Ministry of People's Security ::MPS Sub-municipal Station Office,Temporary Detention Facility::Office,Operative,,,Published
Hyesan City Hyetan-dong MSS Office,07/03/2024,Penal facilities,,Ministry of State Security,Ryanggang,Ministry of State Security ::Local MSS Guidance Officer Office,Temporary Detention Facility::Office,Unknown,,,Published
Chongjin City Ranam District Kkotjebi Relief Station,02/02/2024,Penal facilities,"41.7191688|129.6948427",Unknown,North Hamgyong,Other related facilities::Kkotjebi Relief Station,Temporary Detention Facility::Kkotjebi Relief Station,Unknown,,,Published
Pochon County Court,01/02/2024,Penal facilities,,Unknown,Ryanggang,Other related facilities::Other,Temporary Detention Facility::Other,Unknown,,,Published
Hoeryong City Border Security Command Base,01/02/2024,Penal facilities,,Other North Korean government organisation,North Hamgyong,Border Security Command::BSC Base,Temporary Detention Facility::Other,Unknown,,,Published
Hamhung No.55 Labour Training Camp,31/01/2024,Penal facilities,,Ministry of People's Security,South Hamgyong,Ministry of People's Security ::Provincial / National-level Labour Training Camp,Labour Training Camp,Unknown,,,Published
Chongjin Railroad Station MSS Detention Centre,30/01/2024,Penal facilities,,Ministry of State Security,North Hamgyong,Ministry of State Security ::MSS Detention Centre,Detention Centre,Unknown,,,Published
Musan Railroad Station MSS Night Duty Post,30/01/2024,Penal facilities,,Ministry of State Security,North Hamgyong,Other related facilities::Other,Temporary Detention Facility::Office,Unknown,,,Published
Musan County Prosecutor's Office,26/01/2024,Penal facilities,,Other North Korean government organisation,North Hamgyong,Prosecution::Prosecutor's Office,Temporary Detention Facility::Office,Unknown,,,Published
Kangwon Provincial MPS Detention Centre,19/01/2024,Penal facilities,,Ministry of People's Security,Kangwon,Ministry of People's Security ::MPS Detention Centre,Detention Centre,Unknown,,,Published
Kangwon Provincial MSS Detention Centre,19/01/2024,Penal facilities,,Ministry of State Security,Kangwon,Ministry of State Security ::MSS Detention Centre,Detention Centre,Unknown,,,Published
Chunggang County MPS Detention Centre,17/01/2024,Penal facilities,,Ministry of People's Security,Chagang,Ministry of People's Security ::MPS Detention Centre,Detention Centre,Unknown,,,Published
Rason City MPS Waiting Room,12/01/2024,Penal facilities,"42.2234394|130.3171856",Ministry of People's Security,Rason,Ministry of People's Security ::City-level MPS Waiting room,Waiting Room,Unknown,,,Published
Rason City Anju-dong MPS Sub-municipal Station Office,12/01/2024,Penal facilities,"42.2234394|130.3171856",Ministry of People's Security,Rason,Ministry of People's Security ::MPS Sub-municipal Station Office,Temporary Detention Facility::Office,Unknown,,,Published
Children's Labour Training Camp No. 33,21/12/2023,Penal facilities,,People's Committee of North Korea,South Pyongan,People's Committee::Provincial Labour Training Camp,Labour Training Camp,Unknown,,,Published
Hyesan City Wiyon-dong Sub-municipal Station Office,05/12/2023,Penal facilities,,Ministry of People's Security,Ryanggang,Ministry of People's Security ::MPS Sub-municipal Station Office,Temporary Detention Facility::Office,Unknown,,,Published
Chongjin City Ranam District MSS Office ,05/12/2023,Penal facilities,,Ministry of State Security,North Hamgyong,Ministry of State Security ::District-level MSS Office,Temporary Detention Facility::Office,Unknown,,,Published
Ryanggang Province Temporary National Anti-Socialist Task Force Office,16/11/2023,Penal facilities,"41.4110135|128.2081777",Workers' Party of Korea,Ryanggang,Other related facilities::Other,Temporary Detention Facility::Office,Unknown,,,Published
Hoeryong City Oryu-ri MPS Sub-municipal Station Office,03/11/2023,Penal facilities,,Ministry of People's Security,North Hamgyong,Ministry of People's Security ::MPS Sub-municipal Station Office,Temporary Detention Facility::Office,Unknown,,,Published
Onsong County Namyang Inn,05/01/2023,Penal facilities,,Unknown,North Hamgyong,Other related facilities::Other,Temporary Detention Facility::Other,Unknown,,,Published
Hoeryong City Prosecutor's Office,05/01/2023,Penal facilities,,Other North Korean government organisation,North Hamgyong,Other related facilities::Other,Temporary Detention Facility::Office,Operative,,,Published
Musan County Sambong Orphanage,03/01/2023,Penal facilities,,People's Committee of North Korea,North Hamgyong,Other related facilities::Other,Temporary Detention Facility::Other,Unknown,,,Published
Musan County MPS Office,29/12/2022,Penal facilities,,Ministry of People's Security,North Hamgyong,Ministry of People's Security ::County-level MPS Office,Temporary Detention Facility::Office,Unknown,,,Published
Sindo County Labour Training Centre,20/12/2022,Penal facilities,"39.8110848|124.2407001",People's Committee of North Korea,North Pyongan,People's Committee::City/ County-level Labour Training Centre,Labour Training Centre,Unknown,,,Published
Sindo County MPS Detention Centre,20/12/2022,Penal facilities,"39.8024301|124.2313891",Ministry of People's Security,North Pyongan,Ministry of People's Security ::MPS Detention Centre,Detention Centre,Operative,,,Published
Hoeryong City Military Security Command Outpost,20/12/2022,Penal facilities,,Military Security Command,North Hamgyong,Military Security Command::MSC-related Facility,Temporary Detention Facility::Other,Unknown,,,Published
Kimchaek City Labour Training Centre,19/12/2022,Penal facilities,,People's Committee of North Korea,North Hamgyong,People's Committee::City/ County-level Labour Training Centre,Labour Training Centre,Unknown,,,Published
Kimchaek City MPS Waiting Room,19/12/2022,Penal facilities,,Ministry of People's Security,North Hamgyong,Ministry of People's Security ::City-level MPS Waiting room,Waiting Room,Unknown,,,Published
Ryanggang Provincial Labour Training Camp,19/12/2022,Penal facilities,"41.4264292|128.2496182",People's Committee of North Korea,Ryanggang,People's Committee::Provincial Labour Training Camp,Labour Training Camp,Closed,,,Published
Hoeryong City Hongsan-ri MPS Sub-municipal Station Office,19/12/2022,Penal facilities,,Ministry of People's Security,North Hamgyong,Ministry of People's Security ::MPS Sub-municipal Station Office,Temporary Detention Facility::Office,Operative,,,Published
Musan County Shincham-ri MPS Sub-municipal Station Office,14/12/2022,Penal facilities,,Ministry of People's Security,North Hamgyong,Ministry of People's Security ::MPS Sub-municipal Station Office,Temporary Detention Facility::Office,Operative,,,Published
Kimhyongjik (Huchang) County MPS Detention Centre,13/12/2022,Penal facilities,,Ministry of People's Security,Ryanggang,Ministry of People's Security ::MPS Detention Centre,Detention Centre,Unknown,,,Published
Kimhyongjik (Huchang) County MSS Waiting Room,13/12/2022,Penal facilities,,Ministry of State Security,Ryanggang,Ministry of State Security ::County-level MSS Waiting Room,Waiting Room,Unknown,,,Published
Onsong County MSS Office,13/12/2022,Penal facilities,,Ministry of State Security,North Hamgyong,Ministry of State Security ::County-level MSS Office,Temporary Detention Facility::Office,Operative,,,Published
Onsong County Dongpo-gu MPS Sub-municipal Station Office,13/12/2022,Penal facilities,,Ministry of People's Security,North Hamgyong,Ministry of People's Security ::MPS Sub-municipal Station Office,Temporary Detention Facility::Office,Operative,,,Published
Hoeryong City Songhak-ri MPS Sub-municipal Station Office,13/12/2022,Penal facilities,,Ministry of People's Security,North Hamgyong,Ministry of People's Security ::MPS Sub-municipal Station Office,Temporary Detention Facility::Office,Operative,,,Published
Chagang Provincial MSS Holding Centre,12/12/2022,Penal facilities,,Ministry of State Security,Chagang,Ministry of State Security ::MSS Holding Centre,Holding Centre,Unknown,,,Published
Chongjin City Pohang District Labour Training Centre,12/12/2022,Penal facilities,,People's Committee of North Korea,North Hamgyong,People's Committee::District-level Labour Training Centre,Labour Training Centre,Operative,,,Published
Chongjin City Pohang District MSS Waiting Room,12/12/2022,Penal facilities,,Ministry of State Security,North Hamgyong,Ministry of State Security ::District-level MSS Waiting Room,Waiting Room,Operative,,,Published
North Hamgyong Provincial MPS Waiting Room,08/12/2022,Penal facilities,,Ministry of People's Security,North Hamgyong,Ministry of People's Security ::Provincial-level MPS Waiting Room,Waiting Room,Unknown,,,Published
North Hamgyong Provincial MSS Counterespionage Bureau Detention Centre,08/12/2022,Penal facilities,"41.7949972|129.7898144",Ministry of State Security,North Hamgyong,Ministry of State Security ::MSS Detention Centre,Detention Centre,Unknown,,,Published
Onsong County Pungin-gu MPS Sub-municipal Station Office,08/12/2022,Penal facilities,,Ministry of People's Security,North Hamgyong,Ministry of People's Security ::MPS Sub-municipal Station Office,Temporary Detention Facility::Office,Unknown,,,Published
Hoeryong City Saneop-dong MPS Sub-municipal Station Office,07/12/2022,Penal facilities,,Ministry of People's Security,North Hamgyong,Ministry of People's Security ::MPS Sub-municipal Station Waiting Room,Temporary Detention Facility::Office,Unknown,,,Published
Hongwon County Labour Training Centre,07/12/2022,Penal facilities,,People's Committee of North Korea,South Hamgyong,People's Committee::City/ County-level Labour Training Centre,Labour Training Centre,Unknown,,,Published
Onsong County Chongsong-gu MPS Sub-municipal Station Office,06/12/2022,Penal facilities,,Ministry of People's Security,North Hamgyong,Ministry of People's Security ::MPS Sub-municipal Station Office,Temporary Detention Facility::Office,Operative,,,Published
Onsong County Sambong-gu MPS Sub-municipal Station Waiting Room,06/12/2022,Penal facilities,,Ministry of People's Security,North Hamgyong,Ministry of People's Security ::MPS Sub-municipal Station Waiting Room,Waiting Room,Operative,,,Published
Hongwon County MPS Detention Centre,06/12/2022,Penal facilities,,Ministry of People's Security,South Hamgyong,Ministry of People's Security ::MPS Detention Centre,Detention Centre,Unknown,,,Published
Ryanggang Provincial MSS Office,29/11/2022,Penal facilities,,Ministry of State Security,Ryanggang,Ministry of State Security ::Provincial-level MSS Office,Temporary Detention Facility::Office,Unknown,,,Published
Pyongyang City Moranbong District MPS Office,29/11/2022,Penal facilities,,Ministry of People's Security,Pyongyang,Ministry of People's Security ::District-level MPS Office ,Temporary Detention Facility::Office,Operative,,,Published
North Hamgyong Provincial MSS Holding Centre,25/11/2022,Penal facilities,"41.7381719|129.7228",Ministry of State Security,North Hamgyong,Ministry of State Security ::MSS Holding Centre,Holding Centre,Unknown,,,Published
Hyesan City Sonbong-dong MSS Office,25/11/2022,Penal facilities,"41.4287248|128.2320336",Ministry of State Security,Ryanggang,Ministry of State Security ::Local MSS Guidance Officer Office,Temporary Detention Facility::Office,Unknown,,,Published
Paekam County MPS Detention Centre,23/11/2022,Penal facilities,"41.5636746|128.8141457",Ministry of People's Security,Ryanggang,Ministry of People's Security ::MPS Detention Centre,Detention Centre,Operative,,,Published
Paekam County MPS Waiting Room,23/11/2022,Penal facilities,"41.5636746|128.8141457",Ministry of People's Security,Ryanggang,Ministry of People's Security ::County-level MPS Waiting Room,Waiting Room,Operative,,,Published
Yodok Political Prison Camp No.15,21/11/2022,Penal facilities,"39.67588376000052|126.85164875403498",Ministry of State Security,South Hamgyong,Ministry of State Security ::Political Prison Camp,Political Prison Camp,Unknown,,,Published
Hyesan City Songhu-dong MPS Sub-municipal Station Waiting Room,21/11/2022,Penal facilities,,Ministry of People's Security,Ryanggang,Ministry of People's Security ::MPS Sub-municipal Station Waiting Room,Waiting Room,Unknown,,,Published
Kimjongsuk (Sinpa) County MPS Detention Centre,21/11/2022,Penal facilities,,Ministry of People's Security,Ryanggang,Ministry of People's Security ::MPS Detention Centre,Detention Centre,Operative,,,Published
Hamhung City MPS Detention Centre,21/11/2022,Penal facilities,,Ministry of People's Security,South Hamgyong,Ministry of People's Security ::MPS Detention Centre,Detention Centre,Operative,,,Published
Ryanggang Provincial Military Security Command Bureau No.7 Closed Detention Facility,21/11/2022,Penal facilities,,Military Security Command,Ryanggang,Military Security Command::MSC Closed Detention Facility,Closed Detention Facility,Operative,,,Published
Musan County Border Security Command Base,14/11/2022,Penal facilities,,Other North Korean government organisation,North Hamgyong,Border Security Command::BSC Base,Temporary Detention Facility::Other,Unknown,,,Published
Musan County MSS Office ,14/11/2022,Penal facilities,"42.2309647|129.2139126",Ministry of State Security,North Hamgyong,Ministry of State Security ::County-level MSS Office,Temporary Detention Facility::Office,Unknown,,,Published
Sunchon City MPS Detention Centre,09/11/2022,Penal facilities,,Ministry of People's Security,South Pyongan,Ministry of People's Security ::MPS Detention Centre,Detention Centre,Unknown,,,Published
Chongjin City Pohang District MPS Office,08/11/2022,Penal facilities,,Ministry of People's Security,North Hamgyong,Ministry of People's Security ::District-level MPS Office ,Temporary Detention Facility::Office,Operative,,,Published
Chongjin City Sunam District MSS Office,08/11/2022,Penal facilities,,Ministry of State Security,North Hamgyong,Ministry of State Security ::District-level MSS Office,Temporary Detention Facility::Office,Operative,,,Published
Chongjin City Pohang District MSS Office,08/11/2022,Penal facilities,,Ministry of State Security,North Hamgyong,Ministry of State Security ::District-level MSS Office,Temporary Detention Facility::Office,Operative,,,Published
Rinsan County MSS Detention Centre,08/11/2022,Penal facilities,,Ministry of State Security,North Hwanghae,Ministry of State Security ::County-level MSS Office,Detention Centre,Operative,,,Published
North Hwanghae Provincial MSS Detention Centre,08/11/2022,Penal facilities,,Ministry of State Security,North Hwanghae,Ministry of State Security ::MSS Detention Centre,Detention Centre,Unknown,,,Published
Sinuiju City Military Security Command Branch Office,08/11/2022,Penal facilities,,Military Security Command,North Pyongan,Military Security Command::MSC-related Facility,Temporary Detention Facility::Office,Unknown,,,Published
Chagang Provincial MSS Detention Centre,07/11/2022,Penal facilities,,Ministry of State Security,Chagang,Ministry of State Security ::MSS Detention Centre,Detention Centre,Unknown,,,Published
Sinuiju City MSS Detention Centre,07/11/2022,Penal facilities,,Ministry of State Security,North Pyongan,Ministry of State Security ::MSS Detention Centre,Detention Centre,Unknown,,,Published
Musan County Chucho-gu MPS Sub-municipal Station Office,04/11/2022,Penal facilities,,Ministry of People's Security,North Hamgyong,Ministry of People's Security ::MPS Sub-municipal Station Office,Temporary Detention Facility::Office,Operative,,,Published
Kangwon Provincial KPA 7th Division Detention Centre,04/11/2022,Penal facilities,,Korean People’s Army,Kangwon,Korean People's Army::KPA Detention Centre,Detention Centre,Unknown,,,Published
Hyesan City Yonheung-dong MPS Sub-municipal Station Office,02/11/2022,Penal facilities,,Ministry of People's Security,Ryanggang,Ministry of People's Security ::MPS Sub-municipal Station Office,Temporary Detention Facility::Office,Unknown,,,Published
Hamju County Labour Training Centre,02/11/2022,Penal facilities,,People's Committee of North Korea,South Hamgyong,People's Committee::City/ County-level Labour Training Centre,Labour Training Centre,Unknown,,,Published
Hamju County MPS Detention Centre,02/11/2022,Penal facilities,,Ministry of People's Security,South Hamgyong,Ministry of People's Security ::MPS Detention Centre,Detention Centre,Unknown,,,Published
Taehongdan County MPS Detention Centre,02/11/2022,Penal facilities,,Ministry of People's Security,Ryanggang,Ministry of People's Security ::MPS Detention Centre,Detention Centre,Unknown,,,Published
Songchon County MSS Office,01/11/2022,Penal facilities,,Ministry of State Security,South Pyongan,Ministry of State Security ::County-level MSS Office,Temporary Detention Facility::Office,Unknown,,,Published
Songchon County MPS Detention Centre,01/11/2022,Penal facilities,,Ministry of People's Security,South Pyongan,Ministry of People's Security ::MPS Detention Centre,Detention Centre,Unknown,,,Published
Sunchon City MPS Office,01/11/2022,Penal facilities,,Ministry of People's Security,South Pyongan,Ministry of People's Security ::City-level MPS Office,Temporary Detention Facility::Office,Unknown,,,Published
Yonsa County MSS Office,31/10/2022,Penal facilities,,Ministry of State Security,North Hamgyong,Ministry of State Security ::County-level MSS Office,Temporary Detention Facility::Office,Unknown,,,Published
Hamhung Re-education Camp,07/03/2022,Penal facilities,"39.95776|127.563041",Ministry of People's Security,South Hamgyong,Ministry of People's Security ::MPS Re-education camp,Re-education Camp ,Operative,,,Published
Hyesan City Yonpung-dong MPS Sub-municipal Station Office,06/03/2022,Penal facilities,"41.4286399|128.2131908",Ministry of People's Security,Ryanggang,Ministry of People's Security ::MPS Sub-municipal Station Office,Temporary Detention Facility::Office,Operative,,,Published
Samjiyon County MSS Office,04/03/2022,Penal facilities,,Ministry of State Security,Ryanggang,Ministry of State Security ::County-level MSS Office,Temporary Detention Facility::Office,Operative,,,Published
Kimhyongjik (Huchang) County Labour Training Centre,03/03/2022,Penal facilities,"41.507213|127.267626",People's Committee of North Korea,Ryanggang,People's Committee::City/ County-level Labour Training Centre,Labour Training Centre,Operative,,,Published
Chagang Provincial MSS Closed Detention Facility,01/03/2022,Penal facilities,,Ministry of State Security,Chagang,Ministry of State Security ::MSS Closed Detention Facility,Closed Detention Facility,Operative,,,Published
Kilju County MSS Detention Centre,01/03/2022,Penal facilities,"40.9530474|129.3202779",Ministry of State Security,North Hamgyong,Ministry of State Security ::MSS Detention Centre,Detention Centre,Operative,,,Published
Onsong County MPS Waiting Room,28/02/2022,Penal facilities,"42.959342|129.98643",Ministry of People's Security,North Hamgyong,Ministry of People's Security ::County-level MPS Waiting Room,Waiting Room,Operative,,,Published
Hyesan City Prosecutor's Office,15/02/2022,Penal facilities,"41.401724|128.173992",Other North Korean government organisation,Ryanggang,Prosecution::Prosecutor's Office,Temporary Detention Facility::Office,Operative,,,Published
Kimhyongjik (Huchang) County Rokrim-gu MPS Sub-municipal Station Office,08/02/2022,Penal facilities,,Ministry of People's Security,Ryanggang,Ministry of People's Security ::MPS Sub-municipal Station Office,Temporary Detention Facility::Office,Unknown,,,Published
North Pyongan Provincial MSS Holding Centre,08/02/2022,Penal facilities,,Ministry of State Security,North Pyongan,Ministry of State Security ::MSS Holding Centre,Holding Centre,Unknown,,,Published
Musan County Hungam-ri MPS Sub-municipal Station Office,24/01/2022,Penal facilities,,Ministry of People's Security,North Hamgyong,Ministry of People's Security ::MPS Sub-municipal Station Office,Temporary Detention Facility::Office,Unknown,,,Published
Kapsan County MSS Office,19/01/2022,Penal facilities,"41.095693|128.286912",Ministry of State Security,Ryanggang,Ministry of State Security ::County-level MSS Office,Temporary Detention Facility::Office,Operative,,,Published
Kilju County MPS Office,18/01/2022,Penal facilities,"40.9660895|129.3346167",Ministry of People's Security,North Hamgyong,Ministry of People's Security ::County-level MPS Office,Temporary Detention Facility::Office,Operative,,,Published
Rason City MPS Detention Centre,18/01/2022,Penal facilities,"42.252463|130.317138",Ministry of People's Security,Rason,Ministry of People's Security ::MPS Detention Centre,Detention Centre,Operative,,,Published
Samchon County Labour Training Centre,11/01/2022,Penal facilities,,People's Committee of North Korea,South Hwanghae,People's Committee::City/ County-level Labour Training Centre,Labour Training Centre,Operative,,,Published
Samchon County MPS Detention Centre,11/01/2022,Penal facilities,,Ministry of People's Security,South Hwanghae,Ministry of People's Security ::MPS Detention Centre,Detention Centre,Operative,,,Published
Samchon County MSS Detention Centre,11/01/2022,Penal facilities,,Ministry of State Security,South Hwanghae,Ministry of State Security ::MSS Detention Centre,Detention Centre,Operative,,,Published
Kyonghung (Undok) County Labour Training Centre,11/01/2022,Penal facilities,,People's Committee of North Korea,North Hamgyong,People's Committee::City/ County-level Labour Training Centre,Labour Training Centre,Operative,,,Published
Ryanggang Provincial MSS Closed Detention Facility,06/01/2022,Penal facilities,"41.400258|128.1907216",Ministry of State Security,Ryanggang,Ministry of State Security ::MSS Closed Detention Facility,Detention Centre,Unknown,,,Published
Hamhung City Hungnam District MPS Detention Centre ,06/01/2022,Penal facilities,,Ministry of People's Security,South Hamgyong,Ministry of People's Security ::MPS Detention Centre,Detention Centre,Unknown,,,Published
Chongjin City Sinam District MPS Detention Centre,05/01/2022,Penal facilities,"41.785039|129.807382",Ministry of People's Security,North Hamgyong,Ministry of People's Security ::MPS Detention Centre,Detention Centre,Unknown,,,Published
South Hamgyong Provincial MPS Holding Centre,21/12/2021,Penal facilities,,Ministry of People's Security,South Hamgyong,Ministry of People's Security ::MPS Holding Centre,Holding Centre,Operative,,,Published
Tanchon City MPS Detention Centre,21/12/2021,Penal facilities,"40.4591966|128.9080117",Ministry of People's Security,South Hamgyong,Ministry of People's Security ::MPS Detention Centre,Detention Centre,Operative,,,Published
Musan County Kangson-gu MPS Sub-municipal Station Office (Cholsong),20/12/2021,Penal facilities,,Ministry of People's Security,North Hamgyong,Ministry of People's Security ::MPS Sub-municipal Station Office,Temporary Detention Facility::Office,Operative,,,Published
Pukchang County Political Prison Camp No.18 ,06/12/2021,Penal facilities,"39.563005|126.0789155",Ministry of People's Security,South Pyongan,Ministry of State Security ::Political Prison Camp,Political Prison Camp,Operative,,,Published
Kyongsong County Kkotjebi Relief Station,02/12/2021,Penal facilities,,People's Committee of North Korea,North Hamgyong,Other related facilities::Kkotjebi Relief Station,Temporary Detention Facility::Kkotjebi Relief Station,Operative,,,Published
Kyongsong County MPS Detention Centre,02/12/2021,Penal facilities,,Ministry of People's Security,North Hamgyong,Ministry of People's Security ::MPS Detention Centre,Detention Centre,Operative,,,Published
Kyonghung (Undok) County MPS Detention Centre,30/11/2021,Penal facilities,"42.5227115|130.3438712",Ministry of People's Security,North Hamgyong,Ministry of People's Security ::MPS Detention Centre,Detention Centre,Operative,,,Published
Chongjin City Chongam District (Puryong County) Labour Training Centre,30/11/2021,Penal facilities,,Ministry of People's Security,North Hamgyong,People's Committee::City/ County-level Labour Training Centre,Labour Training Centre,Unknown,,,Published
North Hamgyong Provincial MPS Holding Centre (Traveller),30/11/2021,Penal facilities,"41.814819|129.767314",Ministry of People's Security,North Hamgyong,Ministry of People's Security ::MPS Holding Centre,Holding Centre,Operative,,,Published
North Hamgyong Provincial MSS Closed Detention Facility,30/11/2021,Penal facilities,"41.816808|129.80911",Ministry of State Security,North Hamgyong,Ministry of State Security ::MSS Closed Detention Facility,Closed Detention Facility,Operative,,,Published
Pukchang County Labour Training Centre,29/11/2021,Penal facilities,,People's Committee of North Korea,South Hamgyong,People's Committee::City/ County-level Labour Training Centre,Labour Training Centre,Operative,,,Published
Kyongwon (Saebyul) County Pongsan-ri MPS Sub-municipal Station Office,29/11/2021,Penal facilities,,Ministry of People's Security,North Hamgyong,Ministry of People's Security ::MPS Sub-municipal Station Office,Temporary Detention Facility::Office,Operative,,,Published
Kyongsong County Labour Training Centre,29/11/2021,Penal facilities,,People's Committee of North Korea,North Hamgyong,People's Committee::City/ County-level Labour Training Centre,Labour Training Centre,Operative,,,Published
Kilju County Punggye-ri Mine MPS Detention Centre,29/11/2021,Penal facilities,,Ministry of People's Security,North Hamgyong,Ministry of People's Security ::MPS Detention Centre,Detention Centre,Operative,,,Published
Riwon County Labour Training Centre,23/11/2021,Penal facilities,,People's Committee of North Korea,South Hamgyong,People's Committee::City/ County-level Labour Training Centre,Labour Training Centre,Operative,,,Published
Riwon County MPS Detention Centre,23/11/2021,Penal facilities,"40.32297|128.65351",Ministry of People's Security,South Hamgyong,Ministry of People's Security ::MPS Detention Centre,Detention Centre,Operative,,,Published
Kyongwon (Saebyul) County MSS Office,22/11/2021,Penal facilities,"42.8123988|130.1969328",Ministry of State Security,North Hamgyong,Ministry of State Security ::County-level MSS Office,Temporary Detention Facility::Office,Operative,,,Published
Kyongwon (Saebyul) County MPS Detention Centre,19/11/2021,Penal facilities,,Ministry of People's Security,North Hamgyong,Ministry of People's Security ::MPS Detention Centre,Detention Centre,Operative,,,Published
Hoeryong City MSS Office,19/11/2021,Penal facilities,"42.430479|129.763871",Ministry of State Security,North Hamgyong,Ministry of State Security ::City-level MSS Office,Temporary Detention Facility::Office,Operative,,,Published
Hyesan City MSS Institute No.130 ,18/11/2021,Penal facilities,"41.399607|128.163969",Ministry of State Security,Ryanggang,Other related facilities::Other,Temporary Detention Facility::Other,Unknown,,,Published
Chongjin City Sunam District MPS Office,18/11/2021,Penal facilities,,Ministry of People's Security,North Hamgyong,Ministry of People's Security ::District-level MPS Office ,Temporary Detention Facility::Office,Operative,,,Published
Kilju County Labour Training Centre,18/11/2021,Penal facilities,"40.97687|129.325506",People's Committee of North Korea,North Hamgyong,People's Committee::City/ County-level Labour Training Centre,Labour Training Centre,Operative,,,Published
North Hamgyong Provincial MPS Detention Centre,24/09/2021,Penal facilities,"41.789739|129.79057",Ministry of People's Security,North Hamgyong,Ministry of People's Security ::MPS Detention Centre,Detention Centre,Operative,,,Published
Kyongwon (Saebyul) County Labour Training Centre,22/09/2021,Penal facilities,"42.8589237|130.1962207",People's Committee of North Korea,North Hamgyong,People's Committee::City/ County-level Labour Training Centre,Labour Training Centre,Unknown,,,Published
Kyongwon (Saebyul) County MPS Waiting Room ,22/09/2021,Penal facilities,"42.8578288|130.1978655",Ministry of People's Security,North Hamgyong,Ministry of People's Security ::County-level MPS Waiting Room,Waiting Room,Operative,,,Published
Hyesan City Hyehwa-dong MPS Sub-municipal Station Office,19/09/2021,Penal facilities,"41.396186|128.1637617",Ministry of People's Security,Ryanggang,Ministry of People's Security ::MPS Sub-municipal Station Office,Temporary Detention Facility::Office,Operative,,,Published
Sinuiju City Labour Training Centre,07/09/2021,Penal facilities,"40.0776625|124.4269557",People's Committee of North Korea,North Pyongan,People's Committee::City/ County-level Labour Training Centre,Labour Training Centre,Unknown,,,Published
Pochon County Labour Training Centre,26/08/2021,Penal facilities,"41.520907|128.30235",People's Committee of North Korea,Ryanggang,People's Committee::City/ County-level Labour Training Centre,Labour Training Centre,Unknown,,,Published
Musan County Kangson-gu MPS Sub-municipal Station Waiting Room (Cholsong),26/08/2021,Penal facilities,,Ministry of People's Security,North Hamgyong,Ministry of People's Security ::MPS Sub-municipal Station Waiting Room,Waiting Room,Operative,,,Published
Hwadae County Towon-ri MPS Sub-municipal Station Office,25/08/2021,Penal facilities,,Ministry of People's Security,North Hamgyong,Ministry of People's Security ::MPS Sub-municipal Station Office,Temporary Detention Facility::Office,Operative,,,Published
"Hoeryong City MPS Waiting Room
",24/08/2021,Penal facilities,"42.430423|129.763886",Ministry of People's Security,North Hamgyong,Ministry of People's Security ::City-level MPS Waiting room,Waiting Room,Operative,,,Published
Hoeryong City Osan-dong MPS Sub-municipal Station Office,24/08/2021,Penal facilities,,Ministry of People's Security,North Hamgyong,Ministry of People's Security ::MPS Sub-municipal Station Office,Temporary Detention Facility::Office,Operative,,,Published
Chongjin City Ranam District Labour Training Centre,23/08/2021,Penal facilities,,People's Committee of North Korea,North Hamgyong,People's Committee::City/ County-level Labour Training Centre,Labour Training Centre,Operative,,,Published
Kimhyongjik (Huchang) County MPS Office,21/08/2021,Penal facilities,"41.508581|127.264132",Ministry of People's Security,Ryanggang,Ministry of People's Security ::County-level MPS Office,Temporary Detention Facility::Office,Operative,,,Published
Samjiyon County MPS Waiting Room ,21/08/2021,Penal facilities,,Ministry of People's Security,Ryanggang,Ministry of People's Security ::County-level MPS Waiting Room,Waiting Room,Operative,,,Published
Samjiyon County Sinmusong-ri MPS Sub-municipal Station Office,21/08/2021,Penal facilities,,Ministry of People's Security,Ryanggang,Ministry of People's Security ::MPS Sub-municipal Station Office,Temporary Detention Facility::Office,Unknown,,,Published
Hoeryong City Rural Construction Unit Facility (Nonggundae) ,17/08/2021,Penal facilities,,Ministry of People's Security,North Hamgyong,Other related facilities::Other,Temporary Detention Facility::Other,Unknown,,,Published
Samjiyon County MPS Office,12/08/2021,Penal facilities,,Ministry of People's Security,Ryanggang,Ministry of People's Security ::County-level MPS Office,Temporary Detention Facility::Office,Unknown,,,Published
Ryanggang Provincial MPS Holding Centre,12/08/2021,Penal facilities,"41.38711|128.158201",Ministry of People's Security,Ryanggang,Ministry of People's Security ::MPS Holding Centre,Holding Centre,Operative,,,Published
Samjiyon County Court,12/08/2021,Penal facilities,,Other North Korean government organisation,Ryanggang,Other related facilities::Other,Temporary Detention Facility::Other,Unknown,,,Published
Samjiyon County Prosecutor's Office,12/08/2021,Penal facilities,,Other North Korean government organisation,Ryanggang,Prosecution::Prosecutor's Office,Temporary Detention Facility::Office,Unknown,,,Published
Pukchong County MPS Detention Centre,12/08/2021,Penal facilities,,Ministry of People's Security,South Hamgyong,Ministry of People's Security ::MPS Detention Centre,Detention Centre,Unknown,,,Published
Hoeryong City Korean People's Army Regiment Detention Centre,12/08/2021,Penal facilities,,Korean People’s Army,North Hamgyong,Korean People's Army::KPA Detention Centre,Detention Centre,Unknown,,,Published
Onsong County Ontan-gu MPS Sub-municipal Station Office,11/08/2021,Penal facilities,,Ministry of People's Security,North Hamgyong,Ministry of People's Security ::MPS Sub-municipal Station Office,Temporary Detention Facility::Office,Unknown,,,Published
Chongjin City No.2 Economy Labour Training Centre,11/08/2021,Penal facilities,"41.7377004|129.6357711",People's Committee of North Korea,North Hamgyong,People's Committee::City/ County-level Labour Training Centre,Labour Training Centre,Unknown,,,Published
Chongjin City Ranam District MPS Detention Centre,11/08/2021,Penal facilities,"41.71355|129.685336",Ministry of People's Security,North Hamgyong,Ministry of People's Security ::MPS Detention Centre,Detention Centre,Unknown,,,Published
Musan County Korean People's Army Regiment Base,11/08/2021,Penal facilities,,Korean People’s Army,North Hamgyong,Korean People's Army::KPA Base,Temporary Detention Facility::Other,Unknown,,,Published
Pyongyang City National MSS Detention Centre,11/08/2021,Penal facilities,,Ministry of State Security,Pyongyang,Ministry of State Security ::MSS Detention Centre,Detention Centre,Unknown,,,Published
Chagang Provincial MPS Holding Centre (Manpo),10/08/2021,Penal facilities,"41.1644911|126.2958515",Ministry of People's Security,Chagang,Ministry of People's Security ::MPS Holding Centre,Holding Centre,Operative,,,Published
Manpo City MSS Detention Centre,10/08/2021,Penal facilities,,Ministry of State Security,Chagang,Ministry of State Security ::MSS Detention Centre,Detention Centre,Unknown,,,Published
Hyesan City Mine MPS Detention Centre,10/08/2021,Penal facilities,"41.380152|128.168808",Ministry of People's Security,Ryanggang,Ministry of People's Security ::MPS Detention Centre,Detention Centre,Unknown,,,Published
Orangchon Hydroelectric Power Plant,03/08/2021,Penal facilities,,People's Committee of North Korea,North Hamgyong,Other related facilities::Other,Temporary Detention Facility::Other,Unknown,,,Published
Onsong County Kkotjebi Relief Station,03/08/2021,Penal facilities,,People's Committee of North Korea,North Hamgyong,Other related facilities::Kkotjebi Relief Station,Temporary Detention Facility::Kkotjebi Relief Station,Unknown,,,Published
Myongchon County Labour Training Centre,03/08/2021,Penal facilities,"41.0789781|129.4037892",People's Committee of North Korea,North Hamgyong,People's Committee::City/ County-level Labour Training Centre,Labour Training Centre,Unknown,,,Published
Myongchon County MPS Detention Centre,03/08/2021,Penal facilities,"41.0706035|129.4319131",Ministry of People's Security,North Hamgyong,Ministry of People's Security ::MPS Detention Centre,Detention Centre,Unknown,,,Published
Pochon County MPS Detention Centre,29/07/2021,Penal facilities,"42.224742|129.236123",Ministry of People's Security,Ryanggang,Ministry of People's Security ::MPS Detention Centre,Detention Centre,Unknown,,,Published
Pyongsan County Military Security Command 2nd Corps Detention Centre,29/07/2021,Penal facilities,,Military Security Command,North Hwanghae,Military Security Command::MSC Detention Centre,Detention Centre,Unknown,,,Published
Kumya County KPA Labour Training Camp No. 606,29/07/2021,Penal facilities,,Korean People’s Army,South Hamgyong,Korean People's Army::KPA Labour Training Camp,Labour Training Camp,Unknown,,,Published
Chongjin City Military Security Command 9th Corps Detention Centre,29/07/2021,Penal facilities,,Military Security Command,North Hamgyong,Military Security Command::MSC Detention Centre,Detention Centre,Unknown,,,Published
Kilju County MPS Detention Centre ,28/07/2021,Penal facilities,"40.966177|129.335104",Ministry of People's Security,North Hamgyong,Ministry of People's Security ::MPS Detention Centre,Detention Centre,Unknown,,,Published
Onsong County Labour Training Centre,28/07/2021,Penal facilities,,People's Committee of North Korea,North Hamgyong,People's Committee::City/ County-level Labour Training Centre,Labour Training Centre,Operative,,,Published
Hoeryong City Hakpo-ri Mine MPS Sub-municipal Station Office,24/07/2021,Penal facilities,,Ministry of People's Security,North Hamgyong,Ministry of People's Security ::MPS Sub-municipal Station Office,Temporary Detention Facility::Office,Unknown,,,Published
Hoeryong City Labour Training Centre,24/07/2021,Penal facilities,,People's Committee of North Korea,North Hamgyong,People's Committee::City/ County-level Labour Training Centre,Labour Training Centre,Unknown,,,Published
Hoeryong City Kkotjebi Relief Station,23/07/2021,Penal facilities,,Other North Korean government organisation,North Hamgyong,Other related facilities::Kkotjebi Relief Station,Temporary Detention Facility::Kkotjebi Relief Station,Unknown,,,Published
Samjiyon County MSS Detention Centre,22/07/2021,Penal facilities,,Ministry of State Security,Ryanggang,Ministry of State Security ::MSS Detention Centre,Detention Centre,Unknown,,,Published
Tokwon National Labour Training Camp,22/07/2021,Penal facilities,"39.158481|127.362441",Ministry of People's Security,Kangwon,Ministry of People's Security ::Provincial / National-level Labour Training Camp,Labour Training Camp,Operative,,,Published
Samjiyon County MPS Detention Centre,22/07/2021,Penal facilities,"41.8074468|128.324304",Ministry of People's Security,Ryanggang,Ministry of People's Security ::MPS Detention Centre,Detention Centre,Unknown,,,Published
Oro Re-education Camp ,22/07/2021,Penal facilities,,Ministry of People's Security,South Hamgyong,Ministry of People's Security ::MPS Re-education camp,Re-education Camp ,Unknown,,,Published
Musan County Hospital,21/07/2021,Penal facilities,"42.227567|129.2179741",People's Committee of North Korea,North Hamgyong,Other related facilities::Other,Temporary Detention Facility::Other,Unknown,,,Published
Kyongwon (Saebyul) County MSS Detention Centre,21/07/2021,Penal facilities,"42.812399|130.196933",Ministry of State Security,North Hamgyong,Ministry of State Security ::MSS Detention Centre,Detention Centre,Unknown,,,Published
Chongjin City Songpyong District MPS Detention Centre,20/07/2021,Penal facilities,"41.7718728|129.7486901",Ministry of People's Security,North Hamgyong,Ministry of People's Security ::MPS Detention Centre,Detention Centre,Unknown,,,Published
North Pyongan Provincial MSS Detention Centre,20/07/2021,Penal facilities,"40.095354|124.396756",Ministry of State Security,North Pyongan,Ministry of State Security ::MSS Detention Centre,Detention Centre,Unknown,,,Published
Oro Labour Training Camp,16/07/2021,Penal facilities,,Ministry of People's Security,South Hamgyong,Ministry of People's Security ::Provincial / National-level Labour Training Camp,Labour Training Camp,Unknown,,,Published
Samsu County MPS Detention Centre,15/07/2021,Penal facilities,,Ministry of People's Security,Ryanggang,Ministry of People's Security ::MPS Detention Centre,Detention Centre,Unknown,,,Published
Hoeryong City MSS Detention Centre,15/07/2021,Penal facilities,"42.438506|129.754469",Ministry of State Security,North Hamgyong,Ministry of State Security ::MSS Detention Centre,Detention Centre,Operative,,,Published
Musan County Musan-up MPS Sub-municipal Station Office,14/07/2021,Penal facilities,"42.224825|129.210525",Ministry of People's Security,North Hamgyong,Ministry of People's Security ::MPS Sub-municipal Station Office,Temporary Detention Facility::Office,Unknown,,,Published
Hyesan City MSS Waiting Room ,12/07/2021,Penal facilities,"41.397222|128.176111",Ministry of State Security,Ryanggang,Ministry of State Security ::City-level MSS Waiting Room,Waiting Room,Unknown,,,Published
Chonnae County MPS Detention Centre,08/07/2021,Penal facilities,,Ministry of People's Security,Kangwon,Ministry of People's Security ::MPS Detention Centre,Detention Centre,Unknown,,,Published
Chungsan Re-education Camp,05/07/2021,Penal facilities,"39.1425|125.322222",Ministry of People's Security,South Pyongan,Ministry of People's Security ::MPS Re-education camp,Re-education Camp ,Operative,,,Published
Tokwon Re-education Camp,05/07/2021,Penal facilities,"39.158611|127.3625",Ministry of People's Security,Kangwon,Ministry of People's Security ::MPS Re-education camp,Re-education Camp ,Unknown,,,Published
Orang County MPS Provisional Holding Centre,01/07/2021,Penal facilities,,Ministry of People's Security,North Hamgyong,Ministry of People's Security ::MPS Holding Centre,Holding Centre,Unknown,,,Published
Chongjin City Sinam District Labour Training Centre,29/06/2021,Penal facilities,"41.7801412|129.8089932",People's Committee of North Korea,North Hamgyong,People's Committee::City/ County-level Labour Training Centre,Labour Training Centre,Unknown,,,Published
Chongjin City Labour Training Centre,29/06/2021,Penal facilities,,People's Committee of North Korea,North Hamgyong,People's Committee::City/ County-level Labour Training Centre,Labour Training Centre,Operative,,,Published
Chongjin City Sinam District MPS Waiting Room,29/06/2021,Penal facilities,"41.784934|129.80722",Ministry of People's Security,North Hamgyong,Ministry of People's Security ::District-level MPS Waiting Room,Waiting Room,Unknown,,,Published
Chongjin City MPS Waiting Room,28/06/2021,Penal facilities,"41.8065299|129.7955305",Ministry of People's Security,North Hamgyong,Ministry of People's Security ::City-level MPS Waiting room,Waiting Room,Unknown,,,Published
Chongjin City MPS Office,28/06/2021,Penal facilities,"41.8065299|129.7955305",Ministry of People's Security,North Hamgyong,Ministry of State Security ::City-level MSS Office,Temporary Detention Facility::Office,Unknown,,,Published
Kyonghung (Undok) County MPS Waiting Room,28/06/2021,Penal facilities,"42.522778|130.343889",Ministry of People's Security,North Hamgyong,Ministry of People's Security ::County-level MPS Waiting Room,Waiting Room,Unknown,,,Published
Hyesan City MSS Office,25/06/2021,Penal facilities,"41.39718|128.17618",Ministry of State Security,Ryanggang,Ministry of State Security ::City-level MSS Office,Temporary Detention Facility::Office,Unknown,,,Published
Pochon County MSS Detention Centre,25/06/2021,Penal facilities,"41.527162|128.311159",Ministry of State Security,Ryanggang,Ministry of State Security ::MSS Detention Centre,Detention Centre,Unknown,,,Published
Yonsa County MPS Detention Centre,25/06/2021,Penal facilities,"41.907917|129.008244",Ministry of People's Security,North Hamgyong,Ministry of People's Security ::MPS Detention Centre,Detention Centre,Unknown,,"https://nkpd.io/api/files/1646718842729o1uczo5pksa.png|https://nkpd.io/api/files/1646719236650dqr2xnfw627.pdf",Published
Paekam County Labour Training Centre,24/06/2021,Penal facilities,"41.5718365|128.8164239",People's Committee of North Korea,Ryanggang,People's Committee::City/ County-level Labour Training Centre,Labour Training Centre,Unknown,,,Published
North Pyongan Provincial MPS Holding Centre ,24/06/2021,Penal facilities,"40.0763308|124.4271421",Ministry of People's Security,North Pyongan,Ministry of People's Security ::MPS Holding Centre,Holding Centre,Unknown,,,Published
Musan County Mine Labour Training Centre,23/06/2021,Penal facilities,"42.2228448|129.2549051",Ministry of People's Security,North Hamgyong,People's Committee::City/ County-level Labour Training Centre,Labour Training Centre,Unknown,,,Published
Yonggwang County Women's Re-education Camp,22/06/2021,Penal facilities,"40.02201|127.459152",Ministry of People's Security,South Hamgyong,Ministry of People's Security ::MPS Re-education camp,Re-education Camp ,Unknown,,,Published
Hyesan City Hyehung-dong MPS Sub-municipal Station Office,17/06/2021,Penal facilities,"41.39621|128.163767",Ministry of People's Security,Ryanggang,Ministry of People's Security ::MPS Sub-municipal Station Office,Temporary Detention Facility::Office,Unknown,,,Published
Hyesan City Border Security Command Base,09/06/2021,Penal facilities,"41.40575640893876|128.17438837501535",Other North Korean government organisation,Ryanggang,Border Security Command::BSC Base,Temporary Detention Facility::Other,Unknown,,,Published
North Hamgyong Provincial MSS Detention Centre ,07/06/2021,Penal facilities,"41.394861|128.185681",Ministry of State Security,North Hamgyong,Ministry of State Security ::MSS Detention Centre,Detention Centre,Operative,,,Published
Chunggang County MSS Detention Centre,28/05/2021,Penal facilities,,Military Security Command,Chagang,Ministry of State Security ::MSS Detention Centre,Detention Centre,Unknown,,,Published
South Hamgyong Provincial MSS Detention Centre,28/05/2021,Penal facilities,,Ministry of State Security,South Hamgyong,Ministry of State Security ::MSS Detention Centre,Detention Centre,Unknown,,,Published
Kangdong Re-education Camp,25/05/2021,Penal facilities,,Ministry of People's Security,Pyongyang,Ministry of People's Security ::MPS Re-education camp,Re-education Camp ,Unknown,,,Published
Chungsan Labour Training Camp,25/05/2021,Penal facilities,"39.142397|125.322306",Ministry of People's Security,South Pyongan,Ministry of People's Security ::Provincial / National-level Labour Training Camp,Labour Training Camp,Unknown,,,Published
North Hamgyong Provincial MPS Holding Centre (Nongpo),21/05/2021,Penal facilities,"41.738086|129.722757",Ministry of People's Security,North Hamgyong,Ministry of People's Security ::MPS Holding Centre,Holding Centre,Operative,,,Published
Hoeryong City MPS Detention Centre,20/05/2021,Penal facilities,"42.430423|129.763886",Ministry of People's Security,North Hamgyong,Ministry of People's Security ::MPS Detention Centre,Detention Centre,Unknown,,,Published
Hoeryong City Obong-ri MPS Sub-municipal Station Office,20/05/2021,Penal facilities,,Ministry of People's Security,North Hamgyong,Ministry of People's Security ::MPS Sub-municipal Station Office,Temporary Detention Facility::Office,Unknown,,,Published
Ryanggang Provincial Prosecutor's Office,17/05/2021,Penal facilities,"41.397819|128.175675",Other North Korean government organisation,Ryanggang,Prosecution::Prosecutor's Office,Temporary Detention Facility::Office,Unknown,,,Published
109 Task Force (Sangmu) Office Storage in Hyesan,17/05/2021,Penal facilities,,Workers' Party of Korea,Ryanggang,Other related facilities::Other,Temporary Detention Facility::Other,Unknown,,,Published
Hamhung Re-education Camp Songwon-ri Branch,17/05/2021,Penal facilities,"39.9806103|127.6087771",Ministry of People's Security,South Hamgyong,Ministry of People's Security ::MPS Re-education camp,Re-education Camp ,Unknown,,,Published
Musan County Labour Training Centre,11/05/2021,Penal facilities,"42.2275593|129.2302878",People's Committee of North Korea,North Hamgyong,People's Committee::City/ County-level Labour Training Centre,Labour Training Centre,Operative,,,Published
Musan County MPS Waiting Room ,11/05/2021,Penal facilities,"42.230722|129.219659",Ministry of People's Security,North Hamgyong,Ministry of People's Security ::County-level MPS Waiting Room,Waiting Room,Unknown,,,Published
Hoeryong City Yuson-gu MPS Sub-municipal Station Waiting Room,11/05/2021,Penal facilities,"42.419971|129.6470783",Ministry of People's Security,North Hamgyong,Ministry of People's Security ::MPS Sub-municipal Station Waiting Room,Waiting Room,Unknown,,,Published
Musan County Sambong-gu MPS Sub-municipal Station Waiting Room ,11/05/2021,Penal facilities,"42.2282525|129.2055504",Ministry of People's Security,North Hamgyong,Ministry of People's Security ::MPS Sub-municipal Station Waiting Room,Waiting Room,Unknown,,,Published
Chongori Re-education Camp,10/05/2021,Penal facilities,"42.20901|129.75472",Ministry of People's Security,North Hamgyong,Ministry of People's Security ::MPS Re-education camp,Re-education Camp ,Operative,,,Published
Onsong County MPS Detention Centre,10/05/2021,Penal facilities,"42.95964|129.987019",Ministry of People's Security,North Hamgyong,Ministry of People's Security ::MPS Detention Centre,Detention Centre,Operative,,,Published
Onsong County MSS Detention Centre,10/05/2021,Penal facilities,"42.959697|129.987784",Ministry of State Security,North Hamgyong,Ministry of State Security ::MSS Detention Centre,Detention Centre,Operative,,,Published
Hyesan City Labour Training Centre,10/05/2021,Penal facilities,"41.381868|128.173179",People's Committee of North Korea,Ryanggang,People's Committee::City/ County-level Labour Training Centre,Labour Training Centre,Unknown,,,Published
Ryanggang Provincial MSS Holding Centre,07/05/2021,Penal facilities,"41.403884|128.181222",Ministry of State Security,Ryanggang,Ministry of State Security ::MSS Holding Centre,Holding Centre,Unknown,,,Published
Ryanggang Provincial MSS Detention Centre,07/05/2021,Penal facilities,"41.395218|128.185442",Ministry of State Security,Ryanggang,Ministry of State Security ::MSS Detention Centre,Detention Centre,Unknown,,,Published
Hyesan City Hospital,04/05/2021,Penal facilities,"41.3968743|128.1656781",Other North Korean government organisation,Ryanggang,Other related facilities::Other,Temporary Detention Facility::Other,Unknown,,,Published
Hyesan City MPS Waiting Room,03/05/2021,Penal facilities,"41.3954649|128.1639628",Ministry of People's Security,Ryanggang,Ministry of People's Security ::City-level MPS Waiting room,Waiting Room,Unknown,,,Published
Kaechon Re-education Camp,30/04/2021,Penal facilities,"39.7083111|125.9231698",Ministry of People's Security,South Pyongan,Ministry of People's Security ::MPS Re-education camp,Re-education Camp ,Operative,,,Published
Musan County MPS Detention Centre,24/03/2021,Penal facilities,"42.230907|129.219513",Ministry of People's Security,North Hamgyong,Ministry of People's Security ::MPS Detention Centre,Detention Centre,Operative,,,Published
Musan County MSS Detention Centre,24/03/2021,Penal facilities,"42.231025|129.213977",Ministry of State Security,North Hamgyong,Ministry of State Security ::MSS Detention Centre,Detention Centre,Unknown,,,Published
Ryanggang Provincial MPS Detention Centre,22/03/2021,Penal facilities,"41.395103|128.179656",Ministry of People's Security,Ryanggang,Ministry of People's Security ::MPS Detention Centre,Detention Centre,Unknown,,,Published
Hyesan City MPS Detention Centre,22/03/2021,Penal facilities,"41.3962793|128.1650354",Ministry of People's Security,Ryanggang,Ministry of People's Security ::MPS Detention Centre,Detention Centre,Unknown,,,Published
Hyesan City MSS  Detention Centre,22/03/2021,Penal facilities,"41.397367|128.176219",Ministry of State Security,Ryanggang,Ministry of State Security ::MSS Detention Centre,Detention Centre,Unknown,,,Published